{"id": "2b1c56f871393bf655100349e39caaa3", "X": [[0.9153258014131062, 0.023061823449101487], [0.018880762054033995, 0.9283188456846241], [0.05436995010834694, 1.0], [1.0, 0.03205998757802203], [0.006245165992160073, 0.973218408040099], [0.93422381521761, 0.046499985024621326], [0.9628953872170829, 0.0], [0.0, 0.9939869485584172], [0.0001607381071446201, 0.9670257172262278], [0.937005281218611, 0.00033276012169958236]], "y": [1, -1, -1, 1, -1, 1, 1, -1, -1, 1], "X_train": [[0.9153258014131062, 0.023061823449101487], [0.018880762054033995, 0.9283188456846241], [0.05436995010834694, 1.0], [1.0, 0.03205998757802203], [0.006245165992160073, 0.973218408040099], [0.93422381521761, 0.046499985024621326], [0.9628953872170829, 0.0]], "X_test": [[0.0, 0.9939869485584172], [0.0001607381071446201, 0.9670257172262278], [0.937005281218611, 0.00033276012169958236]], "y_train": [1, -1, -1, 1, -1, 1, 1], "y_test": [-1, -1, 1], "params": {"n": 10, "cluster_std": 0.2, "centers": 2, "test_size": 0.3, "random_state": 42}}