{"id": "34638f73a9856f52923d072625877132", "X": [[0.12053291391288029, 0.5564671042742443], [0.1852410494923153, 0.8220589649942579], [0.3023308180321487, 0.6960275464084434], [0.5730979304361964, 0.2128855033722312], [0.7112339997610908, 0.24481123787267822], [0.3758788766164738, 0.5824792656985353], [0.23744819505304776, 0.7074370518856358], [0.39539213937575624, 0.3817006396195764], [0.7826907914052258, 0.23816375657567052], [0.36347309400503086, 0.7716280788955111], [0.7766501567756583, 0.48261099971830423], [0.08468269250349697, 0.799388742641311], [0.6783481590539218, 0.22551839138714602], [0.8352958011482614, 0.18238793944160922], [0.16588771789293222, 0.7087155067241022], [0.7954756289193584, 0.0], [0.7240806261474944, 0.07119906358371379], [0.830814316030181, 0.40257484641139474], [0.16573014564216337, 1.0000000000000002], [0.17418830211926428, 0.7634158013317082], [0.05853789126387099, 0.7750916048246598], [0.7495236477672889, 0.31855331109918705], [0.3052131127145191, 0.5088153189825587], [0.1861347163424797, 0.6850706127024654], [0.7947801198748226, 0.22941149168275293], [0.7313686717444212, 0.16103619211826373], [0.15463209302716852, 0.8314492420562379], [0.29021373738359046, 0.4884033874736319], [0.2525206136295033, 0.6046428170106346], [1.0, 0.19962198169814765], [0.8256289332795932, 0.30550276630722], [0.487525448133327, 0.8526109082300554], [0.18654474707851137, 0.891968455052933], [0.03635577891939401, 0.650546093503611], [0.703770025623133, 0.33976883589522255], [0.8352603271745949, 0.4789961051320969], [0.28533001792993473, 0.48210076184401895], [0.618696248830577, 0.1075161293409654], [0.6626428306678985, 0.20186549601134202], [0.9018247232542403, 0.4542968487785687], [0.7713111847733753, 0.4063773232517538], [0.9340605819093049, 0.39656091021165407], [0.0, 0.6719520721525181], [0.21996273385272797, 0.7165352925011185], [0.6581095071941424, 0.22802501567498468], [0.47076903968538475, 0.7176711887048941], [0.10506860364999637, 0.7910399244623609], [0.7962601203103417, 0.4016373794801159], [0.917004150860203, 0.31470006380990745], [0.2644759395530417, 0.5547763706345823]], "y": [-1, -1, -1, 1, 1, -1, -1, 1, 1, -1, 1, -1, 1, 1, -1, 1, 1, 1, -1, -1, -1, 1, -1, -1, 1, 1, -1, -1, -1, 1, 1, -1, -1, -1, 1, 1, -1, 1, 1, 1, 1, 1, -1, -1, 1, -1, -1, 1, 1, -1], "X_train": [[0.12053291391288029, 0.5564671042742443], [0.1852410494923153, 0.8220589649942579], [0.3023308180321487, 0.6960275464084434], [0.5730979304361964, 0.2128855033722312], [0.7112339997610908, 0.24481123787267822], [0.3758788766164738, 0.5824792656985353], [0.23744819505304776, 0.7074370518856358], [0.39539213937575624, 0.3817006396195764], [0.7826907914052258, 0.23816375657567052], [0.36347309400503086, 0.7716280788955111], [0.7766501567756583, 0.48261099971830423], [0.08468269250349697, 0.799388742641311], [0.6783481590539218, 0.22551839138714602], [0.8352958011482614, 0.18238793944160922], [0.16588771789293222, 0.7087155067241022], [0.7954756289193584, 0.0], [0.7240806261474944, 0.07119906358371379], [0.830814316030181, 0.40257484641139474], [0.16573014564216337, 1.0000000000000002], [0.17418830211926428, 0.7634158013317082], [0.05853789126387099, 0.7750916048246598], [0.7495236477672889, 0.31855331109918705], [0.3052131127145191, 0.5088153189825587], [0.1861347163424797, 0.6850706127024654], [0.7947801198748226, 0.22941149168275293], [0.7313686717444212, 0.16103619211826373], [0.15463209302716852, 0.8314492420562379], [0.29021373738359046, 0.4884033874736319], [0.2525206136295033, 0.6046428170106346], [1.0, 0.19962198169814765], [0.8256289332795932, 0.30550276630722], [0.487525448133327, 0.8526109082300554], [0.18654474707851137, 0.891968455052933], [0.03635577891939401, 0.650546093503611], [0.703770025623133, 0.33976883589522255]], "X_test": [[0.8352603271745949, 0.4789961051320969], [0.28533001792993473, 0.48210076184401895], [0.618696248830577, 0.1075161293409654], [0.6626428306678985, 0.20186549601134202], [0.9018247232542403, 0.4542968487785687], [0.7713111847733753, 0.4063773232517538], [0.9340605819093049, 0.39656091021165407], [0.0, 0.6719520721525181], [0.21996273385272797, 0.7165352925011185], [0.6581095071941424, 0.22802501567498468], [0.47076903968538475, 0.7176711887048941], [0.10506860364999637, 0.7910399244623609], [0.7962601203103417, 0.4016373794801159], [0.917004150860203, 0.31470006380990745], [0.2644759395530417, 0.5547763706345823]], "y_train": [-1, -1, -1, 1, 1, -1, -1, 1, 1, -1, 1, -1, 1, 1, -1, 1, 1, 1, -1, -1, -1, 1, -1, -1, 1, 1, -1, -1, -1, 1, 1, -1, -1, -1, 1], "y_test": [1, -1, 1, 1, 1, 1, 1, -1, -1, 1, -1, -1, 1, 1, -1], "params": {"n": 50, "cluster_std": 2, "centers": 2, "test_size": 0.3, "random_state": 42}}