{"id": "dbf8ffbdde7956d18b70e4e11fabec84", "X": [[0.07891253561040851, 0.6999730885198874], [0.12127675702868496, 0.8796321542937876], [0.19793507573649058, 0.7943784614287165], [0.7205085011803503, 0.1440059591772702], [0.8109457696061467, 0.16560205635790817], [0.24608676811411725, 0.7175689614038634], [0.1554566179433295, 0.8020963978497256], [0.6041650551456131, 0.2582006095120733], [0.8577283158183708, 0.16110538136066915], [0.2379647396131879, 0.845518285525037], [0.853773530524955, 0.32646121423503704], [0.05544150365930367, 0.8642969291939842], [0.7894155087700203, 0.15255145018980734], [0.8921686572145275, 0.12337594502961728], [0.10860618913616543, 0.8029612059853753], [0.8660985104221159, 0.0], [0.8193564171984169, 0.04816245954506627], [0.8892346424090477, 0.2723209235940729], [0.10850302705830339, 1.0000000000000002], [0.11404055662205448, 0.8399631073242103], [0.03832458105391251, 0.8478611804881115], [0.8360138868009492, 0.21548472952488282], [0.199822105381577, 0.6677391367536178], [0.12186183802314599, 0.7869666662478476], [0.8656431627460119, 0.15518492984606147], [0.8241278786941, 0.10893259964112076], [0.10123716544626299, 0.8859841878227515], [0.19000205954089225, 0.6539315278321962], [0.16532448497680396, 0.7325614499242904], [1.0, 0.1350338773281589], [0.8858397879441906, 0.2066567154479117], [0.31918144212964533, 0.9002989532101406], [0.12213028391073028, 0.9269222844906309], [0.0238020189298207, 0.7636126265241001], [0.8060591282246692, 0.22983592746606107], [0.8921454325108403, 0.3240159262564503], [0.1868047031277186, 0.6496681297390876], [0.7503615828595345, 0.07272906368688307], [0.7791332775909832, 0.13655149795277507], [0.9357249420862662, 0.3073081652966259], [0.85027812163973, 0.2748931012011494], [0.9568296616310746, 0.26825280886969793], [0.0, 0.7780926565807926], [0.14400893917376145, 0.8082508839274708], [0.7761653243702151, 0.1542470510134862], [0.3082110720006486, 0.8090192585690477], [0.06878809827047777, 0.8586493883759787], [0.866612114572363, 0.2716867760241478], [0.945662867608974, 0.21287820835246793], [0.1731516008412488, 0.6988293952404673]], "y": [-1, -1, -1, 1, 1, -1, -1, 1, 1, -1, 1, -1, 1, 1, -1, 1, 1, 1, -1, -1, -1, 1, -1, -1, 1, 1, -1, -1, -1, 1, 1, -1, -1, -1, 1, 1, -1, 1, 1, 1, 1, 1, -1, -1, 1, -1, -1, 1, 1, -1], "X_train": [[0.07891253561040851, 0.6999730885198874], [0.12127675702868496, 0.8796321542937876], [0.19793507573649058, 0.7943784614287165], [0.7205085011803503, 0.1440059591772702], [0.8109457696061467, 0.16560205635790817], [0.24608676811411725, 0.7175689614038634], [0.1554566179433295, 0.8020963978497256], [0.6041650551456131, 0.2582006095120733], [0.8577283158183708, 0.16110538136066915], [0.2379647396131879, 0.845518285525037], [0.853773530524955, 0.32646121423503704], [0.05544150365930367, 0.8642969291939842], [0.7894155087700203, 0.15255145018980734], [0.8921686572145275, 0.12337594502961728], [0.10860618913616543, 0.8029612059853753], [0.8660985104221159, 0.0], [0.8193564171984169, 0.04816245954506627], [0.8892346424090477, 0.2723209235940729], [0.10850302705830339, 1.0000000000000002], [0.11404055662205448, 0.8399631073242103], [0.03832458105391251, 0.8478611804881115], [0.8360138868009492, 0.21548472952488282], [0.199822105381577, 0.6677391367536178], [0.12186183802314599, 0.7869666662478476], [0.8656431627460119, 0.15518492984606147], [0.8241278786941, 0.10893259964112076], [0.10123716544626299, 0.8859841878227515], [0.19000205954089225, 0.6539315278321962], [0.16532448497680396, 0.7325614499242904], [1.0, 0.1350338773281589], [0.8858397879441906, 0.2066567154479117], [0.31918144212964533, 0.9002989532101406], [0.12213028391073028, 0.9269222844906309], [0.0238020189298207, 0.7636126265241001], [0.8060591282246692, 0.22983592746606107]], "X_test": [[0.8921454325108403, 0.3240159262564503], [0.1868047031277186, 0.6496681297390876], [0.7503615828595345, 0.07272906368688307], [0.7791332775909832, 0.13655149795277507], [0.9357249420862662, 0.3073081652966259], [0.85027812163973, 0.2748931012011494], [0.9568296616310746, 0.26825280886969793], [0.0, 0.7780926565807926], [0.14400893917376145, 0.8082508839274708], [0.7761653243702151, 0.1542470510134862], [0.3082110720006486, 0.8090192585690477], [0.06878809827047777, 0.8586493883759787], [0.866612114572363, 0.2716867760241478], [0.945662867608974, 0.21287820835246793], [0.1731516008412488, 0.6988293952404673]], "y_train": [-1, -1, -1, 1, 1, -1, -1, 1, 1, -1, 1, -1, 1, 1, -1, 1, 1, 1, -1, -1, -1, 1, -1, -1, 1, 1, -1, -1, -1, 1, 1, -1, -1, -1, 1], "y_test": [1, -1, 1, 1, 1, 1, 1, -1, -1, 1, -1, -1, 1, 1, -1], "params": {"n": 50, "cluster_std": 1, "centers": 2, "test_size": 0.3, "random_state": 42}}